productName,basePrice,offerPrice,"b2b
weight ",Fat ratio,"Ready/Packaged 
or Op needed"
" لحم كندوز خضار-B 
",514,509,1.000,30% دسم ,"Ready, not packaged"
" لحم سن -B
",514,509,1.000,"من الضلوع العلويه 
20:30% دسم ","Ready, not packaged"
"كباب حلة أحمر خفيف  دسم-B 
",558,547,1.000,من الرقبة  / 5 - 10% دسم ,"Ready, not packaged"
" كباب حلة احمر  بدون دسم-B
",603,585,1.000,بدون,"Ready, not packaged"
" لحم مفروم دسم وسط-B
",491,481,1.000,15-20%,"Ready, not packaged"
" لحم مفروم دسم قليل-B 
",536,528,1.000,5 - 10%,"Ready, not packaged"
" لحم مفروم أحمر  بدون دسم-B
",603,585,1.000,بدون,"Ready, not packaged"
" موزة
قطعيه  كامله",420,399,1.000,قليل الدسم,"Ready, not packaged"
" موزة
بالكيلو ",508,498,1.000,,Needs operation
" أوسوبوكو-B
",583,571,1.000,عالية الدسم,Needs operation
"بفتيك-B 
",581,564,1.000,اسكالوب  / قليل دسم ,"Ready, not packaged"
"وش فخدة
ع بعضها ",563,546,1.000,بدون/ع بعضها ,"Ready, not packaged"
"سمانة
",551,534,1.000,قليل الدسم,Needs operation
" كولاتة
",551,534,1.000,قليل الدسم,Needs operation
" بيكاتا-B
",581,564,1.000,قليل الدسم,"Ready, not packaged"
"بريسكت
دوش",534,529,1.000,دسم وسط ,"Ready, not packaged"
"دوش بالعضم 
 غير مقطع 
Brisket ",356,345,1.000,,Needs operation
"شورت ريبس 
 قطعه كامله
 "" صره""",413,405,1.000,عالي الدسم,Needs operation
"شورت ريبس 
مقطع",578,566,1.000,,"Ready, not packaged"
" انتركوت 
سيراليون استيك 
 كامل بدون تقطيع
",561,544,1.000,,"Ready, not packaged"
" انتركوت 
سيراليون استيك
 B2B specs",677,663,1.000,,"Ready, not packaged"
" ريب اى
 كامل بدون تقطيع
",539,523,1.000,بيت كلاوي/عالي دسم ,"Ready, not packaged"
" ريب اى-B
",701,680,1.000,بيت كلاوي/عالي دسم ,Needs operation
" تى بون
B2B specs",704,690,1.000,,Needs operation
"ستريبلوين استيك-B
",559,542,1.000,,"Ready, not packaged"
" فوريبس-B
",632,600,1.000,,"Ready, not packaged"
"توماهوك-B 
",631,599,1.000,,"Ready, not packaged"
" فلانك ستيك
 قطعيه 
 فلانك ستيك",532,505,1.000,,Needs operation
سكيرت ستيك-B,606,576,1.000,Skirt Steak يهودية,"Ready, not packaged"
"سبايدر ستيك-B
",598,568,1.000,,"Ready, not packaged"
 تندر لوين ستيك -B,1076,1054,1.000,شاتوه بريان,"Ready, not packaged"
"عرق فلتو
 بالبنجتة والتنضيف
",700,665,1.000,,"Ready, not packaged"
"عرق فلتو صولو
عبل كامل  ",952,857,1.000,,Needs operation
" عرق رستو
",580,551,1.000," لحمة باردة
او عرق تربيانكو  ",Needs operation
"بوش 
",132,129,1.000,,"Ready, not packaged"
" كبدة صافى 
عالي الدسم",610,598,1.000,,"Ready, not packaged"
"عجل بقرى""  صافى"" 
وزن(250ك:260ك)",353,353,1.000,,"Ready, not packaged"
"فخاد ارط وزن
(76:85ك)
",377,377,1.000,,"Ready, not packaged"
"فخدة مزررة
غير مقطع",418,418,1.000,,"Ready, not packaged"
"زند
كامل غير مقطع",348,348,1.000,,"Ready, not packaged"
"أميرية
",418,418,1.000,,"Ready, not packaged"
"صره بالعظم 
كامل غير مقطع- 
short ribs ",331,331,1.000,,"Ready, not packaged"
"ماسورة 
متقطعة",88,88,عدد,,"Ready, not packaged"
" عكاوى
 أوكس تييل ox tail/عالي دسم ",480,480,1.000,,"Ready, not packaged"
"كوارع 
عالي الدسم",455,432,بالقطعه ,,"Ready, not packaged"
"ممبار  بدون حشو
عالي الدسم",460,455,1.000,,"Ready, not packaged"
" كفتة داوود باشا-B
",508,483,1.000,,Ready and packaged
"كفتة أرز-B
",424,382,1.000,,Ready and packaged
"كفتة الحاتي -B
",533,506,1.000,,Ready and packaged
"كفتة ضانى-B
",541,514,1.000,,Ready and packaged
"طرب-B
",537,532,1.000,,Ready and packaged
"سجق لحم-B
",499,474,1.000,,Ready and packaged
"سجق مغربى-B
",542,515,1.000,,Ready and packaged
"سجق ايطالى-B
",542,515,1.000,,Ready and packaged
"برجر لحم -B
",526,500,1.000,,Ready and packaged
"كبيبة-B
",382,344,1.000,,Ready and packaged
"حواوشى رغيف 
",214,212,3 رغيف ,,Ready and packaged
" فخدة ضانى 
",563,535,1.000,,"Ready, not packaged"
" كتف ضانى 
",538,511,1.000,,"Ready, not packaged"
" رقبة ضانى
",438,429,1.000,,"Ready, not packaged"
"ربش ضاني مع بيت كلاوي او دوش ش
",585,544,1.000,,"Ready, not packaged"
"ريش ضانى سولو
",878,843,1.000,,Needs operation
"دوش ضانى
",538,511,1.000,,"Ready, not packaged"
"لية ضانى
",338,304,1.000,,"Ready, not packaged"
"نص خروف ضانى استرالى
",3120,3089,1,,"Ready, not packaged"
"ريش ضانى استرالى
""صولو ""

",1140,1129,1.000,,"Ready, not packaged"
" دجاج ابيض
",173,173,1.000,,Ready and packaged
"دجاج ابيض مسحب
",227,227,1.000,,Ready and packaged
"صدور دجاج بالعضم فريش
",188,188,1.000,,Ready and packaged
"أوراك دجاج فريش 
",144,144,1.000,,Ready and packaged
" دبابيس فريش
",144,144,1.000,,Ready and packaged
"اجنحة فريش
",104,104,1.000,,Ready and packaged
" بانيه فريش
",278,278,1.000,,Ready and packaged
" بانيه فريش
وزن الصدر 250جم",293,293,1.000,,Ready and packaged
"شيش طاووق صدور فريش 
",269,269,1.000,,Ready and packaged
" شيش طاووق أوراك فريش
",214,214,1.000,,Ready and packaged
"كبد دجاج صافى-B
",141,141,1.000,,Ready and packaged
" شاورما فراخ متبلة-B
",327,311,1.000,,Ready and packaged
"كوردن بلو -B
",299,284,1.000,,Ready and packaged
"كفتة فراخ-B
",262,249,1.000,,Ready and packaged
"برجر فراخ-B
",220,209,1.000,,Ready and packaged
"سجق دجاج-B
",445,423,1.000,,Ready and packaged
"محشي كرنب-B
",177,159,1.000,,Ready and packaged
"محشي ورق عنب-B

",238,214,1.000,,Ready and packaged
"محشى ورق عنب  بالمفروم -B
",256,230,1.000,,Ready and packaged
"ممبار كندوز محشى-B
",225,203,1.000,,Ready and packaged
"ممبار كندوز  بوبس-B 
",224,202,1.000,,Ready and packaged
"سمبوسة   لحم -B
",310,295,1.000,,Ready and packaged
"سمبوسة جبنة-B 
",230,219,1.000,,Ready and packaged
"سمبوسة فراخ-B
",274,260,1.000,,Ready and packaged
"سبرنج رول لحم-B
",300,285,1.000,,Ready and packaged
"سبرنج رول جبنة-B
",229,218,1.000,,Ready and packaged
"سبرنج رول فراخ-B
",267,254,1.000,,Ready and packaged
" بطاطس كروكيت لحم-B
",215,194,1.000,,Ready and packaged
" بطاطس كروكيت جبنة-B
",207,186,1.000,,Ready and packaged
"رقبة جملي 
",456,442,1.000,,"Ready, not packaged"
"لحم جملي
",468,463,1.000,,"Ready, not packaged"
"كتف جنوب أفريقي
",540,535,1.000,,"Ready, not packaged"
"موزة ضاني أسترالي
",690,683,1.000,,"Ready, not packaged"
"رقبة هندي
",233,231,1.000,,"Ready, not packaged"
"سن هندي
",234,232,1.000,,"Ready, not packaged"
"فلتو هندي
",298,283,1.000,,"Ready, not packaged"
"روستو هندي
",270,267,1.000,,"Ready, not packaged"
"رقبه برازيلى 
",342,339,1.000,,"Ready, not packaged"
"لحم برازيلي
",300,297,1.000,,"Ready, not packaged"
"عرق فلتو برازيلى 
مقاس العرق 4/5",1000,950,1.000,,"Ready, not packaged"
"عرق فلتو برازيلي 
5UP
",1025,974,1.000,,"Ready, not packaged"
"عرق رستو برازيلى 
""تربيانكو""
",456,433,1.000,,"Ready, not packaged"
"سن برازيلي
",354,350,1.000,,"Ready, not packaged"
"بريسكت برازيلي
",348,345,1.000,,"Ready, not packaged"
"بوش برازيلي
",126,125,1.000,,"Ready, not packaged"
"كتف برازيلي
",356,352,1.000,,"Ready, not packaged"
"وش فخدة برازيلي
",414,410,1.000,,"Ready, not packaged"
"موزه امامى برازيلى 
",346,343,1.000,,"Ready, not packaged"
"موزه خلفى برازيلى 
",324,321,1.000,,"Ready, not packaged"
"لحم مفروم برازيلى 
",336,333,1.000,,"Ready, not packaged"
"كبدة برازيلي-B
",122,121,1.000,,"Ready, not packaged"
"كبده امريكانى-B 
",264,261,1.000,,"Ready, not packaged"
"فراخ برازيلى مجمدة (سيارا)
",222,220,1.100,,Ready and packaged
"فراخ برازيلى مجمدة (سيارا)
بالكرتونه
",222,220,1.100,,Ready and packaged