productName,basePrice,offerPrice,"instashop
weight ",التغليف ,وصف المنتج ,أفضل الطبخات
كباب حلة أحمر خفيف  دسم ,302.00,299,0.500,طبق أسود بلاستيك,"لحم بدسم قليل مناسب للشوربه والاكلات الي بتتطعم بدسم خفيف 
نسأل مكعبات كبير/وسط/صغير؟", كباب حلة بالبصل - تسوية على النار
 كباب حلة احمر   دسم وسط ,288.00,286,0.500,طبق أسود بلاستيك,,
 كباب حلة احمر  بدون دسم,314.00,310,0.500,طبق أسود بلاستيك,"مناسب للدايت 
نسأل مكعبات كبير/وسط/صغير؟",- طريقة التسوية: يتشوح في السمنة على النار - نضيف البصل والفلفل المتقطع ونهدي النار لغاية ما المياه تنشف - نحط فنجان مياه كل شوية لغاية ما تستوي
 لحم سن ,294.00,,0.500,طبق أسود بلاستيك,"مناسب للشوربه والاكلات اللي محتاجة دسم معقول 

نسأل مكعبات كبير/وسط/صغير؟","- نعمل منه الشوربة
- يُضاف إلى الخضار"
 لحم مفروم دسم قليل ,286.00,283,0.500,طبق أسود بلاستيك,"مفروم دسم خفيف
نسأل  مفروم ناعم/وسط/ خشن؟","- عصّاج
- الكفتة قليلة الدسم ولو عايزة طعم المشوي ممكن  تحطي فحمة علي حتة فويل وسط الصينية"
 لحم مفروم دسم وسط,288.00,285,0.500,طبق أسود بلاستيك,نسأل  مفروم ناعم/وسط/ خشن؟,"- أفضل حاجة للحواوشي لو  بتحب تعمل الحواوشي بنفسها
- الكفتة عشان نسبة الدسم اللي فيه يتظيط الكفتة ولو عايزة طعم المشوي ممكن  تحطي فحمة علي حتة فويل وسط الصينية
- افضل مفروم للمكرونة البشاميل"
 موزة,303.00,299,0.500,طبق أسود بلاستيك," طرية وناعمة 
 بتتقطع حلقات (طرانشات)نسأل  سميكة / وسط؟ - لو عاوزها مكعبات نسأل وسط/كبير/صغير؟ - او ممكن عميل يحتاج بدون تقطيع ","- فتة ويتسقى العيش المحمص بشوربة الموزة
                                                                                                                                   - تتسلق وندخلها تحت الشواية تتحمر او ممكن نحمرها فى ملعقة سمن بعد التحمير نرش عليهم ملح و فلفل اسود                                    
          - تتسلق وتوضع في صينية في الفرن مع حلقات الفلفل و البصل و الطماطم وقطعة زبدة و تتبل بالملح و الفلفل"
بفتيك ,314.00,310,0.500,طبق أسود بلاستيك + وضع كيس بين كل شريحة والتانية,"من المنتجات التي نتميز بها - قليل دسم 
ملحوظة لفريق المبيعات: غير محبب خروجه يوم الذبح بيحتاج يتشمع وياخد وقت ",- بالبصل والفلفل الأسود - صينية في الفرن صينية بفتيك بالبطاطس 
 بيكاتا,308.00,305,0.500,حسب القطعية, قطعية قليل دسم  /شرائح رقيقة من الكولاتة لسهولة التسوية ,"-  بيكاتا بصوص الديمجلاس والفلفل الالوان
-  شرائح بالصوص البني (صوص الديمجلاس)
- بيكاتا بالمشروم"
بريسكت,588.00,576,0.950,فاكيوم,"قطعية من الصدر (ناعمة-طرية) دسم وسط /الكيس مكون من قطعة  
(مجمد للحفاظ علي خصائص القطعية ) ","التتبيل جيدا 
معلقة  خردل مطحون/ملح /فلفل اسود /بابريكا / بصل اخضر مطحون/توم مجفف
بقدونس مقطع(كالحبوب)
تغليفها ب2 طبقة فويل - تترك 2:3.5 ساعات بالفرن او علي الشواية (طول فترة التسوية) - يساعد ف الحصول علي 
لحم اطري ولذيذ) - تترك كما هي ساعة خارج الفرن       "
شورت ريبس ,564.00,552,0.950,فاكيوم ,"اضلاع قصيرة من الضلع الأمامي 
مذاق مميز جدا/الكيس مكون من 3:4 قطع   /(مجمد للحفاظ علي خصائص القطعية ) ","طريقة الطهي

 ♦️اناء علي النار به 

لتر ماء/2جزر/1بصل/ورق لورا/فلفل اسود حصي/5حبات قرنفل/4كبابة صيني(او قرفة+جوزة الطيب)/70جم ملح/30جم سكر/كرفس/200ملي صويا صوص/4فص توم 

🔅يترك المحلول حتي الغليان 
🔅يتم تبريده تماما 
🔅ثم نغمر اللحم فيه

 🔅تركه بالتلاجة حتي اليوم التالي(12ساعة تقريبا)

⬆️ يساعد علي جعل الأنسجة طرية/ومذاق متبل ممتاز 
♦️يوم التسوية 

🔅يتم خروج اللحم من التبريد 

🔅تحضير 

5فص توم/معلقة كبيرة فلفل اسود/معلقة صغيرة 

كبابة صيني(او قرفة+قرنفل+جوزة الطيب)/عود جوز ماري(فريش)/زعتر اخضر/ملح بسيط 

🔅⬆️يتم طحنهم 

 

🔅ثم تتبيل اللحم بالكامل بها 

+رشة بابريكا 
♦️نضع ب صينية

🔅2طبقة فويل+2طبقة ورق زبدة 

🔅ثم وضع اللحم ناحية العضم

ولفه ب طبقات ورق الزبدة ثم الفويل 

🔅ثم لف طبقة اخري من الفويل

بشكل محكم جدا 

♦️يتم دخول الصينية فرن سخن جدا 

🔅ثم ضبط الحرارة 130 

🔅تستغرق اللحم 4ساعات  

⬆️بعد مرور ساعتين 

🔅 يتم قلب القطعية ناحية اللحم لاستكمال الطهي 

♦️يتم خروجها من الفرن 

🔅ثم نزع العضم بسهولة 

لأكلة شهية /مميزة جدا 

"
 انتركوت ,305.00,280,0.450,فاكيوم,"السيراليون مشتق من الانتركوت 
 يتميز بنكهه مميزة وقوام 
طري.. لمحبي الشواء (لو عميل محتاج سيراليون تحديداً نتابع)","- ستيك مشوى على الجريل او صينية 
 - شرائح بالصوص البني (صوص الديمجلاس)
- بيكاتا بالمشروم "
 ريب اى,305.00,301,0.500,فاكيوم,الريب آي هي نفسها الريش بس مخلية من العضمة / الكيس مكون من 2 قطع ستيك /(مجمد للحفاظ علي خصائص القطعية ) ,"- ستيك مشوى على الجريل
- فاهيتا اللحم مع الخضار المشوي جنب مكرونة بيضاء"
عرق فلتو-I,822.00,806,0.950,طبق أسود بلاستيك كبير + غطاء,"عرق الفلتو أفضل حاجة للشوى بيطلع على  بعضه وزنه (يتراوح بين٣ك ل٤ك )\التوضيب بيكون 40:50 % من الوزن لو العميل مستكتر النسبة نرشحله فلتو صولو 
بيطلع العرق + مفروم  (يمكن تتبيله حسب طلب العميل و المفروم بيتعمل كفتة أو برجر)  /  تنضيف الفلتو لو العميل طالبه كفتة او برجر ناكد عليه انه هيتبعت من مصنعاتنا نفس الوزن وبتكون مجمدة ...رفض يبقي ياخده مفروم","الوصفة:
- نحط السمنة تسخن على النار ننزل بالعرق عليها لازم وهى سخنة جدا لغاية تتحمر من كل اتجاه
- نحطها في صينية فى ورق فويل ونلفها ونحط في الصينية ماء وكل ما تنشف نزود
- نسيبها تستوى ساعة او اكتر على حسب حجمها"
 عرق رستو-I,1376.00,1362,1.900,طبق أسود بلاستيك كبير + غطاء,"العرق بيطلع علي بعضه (وزن 2 إلى 3 ك)بيطلع متربط و متنظف 
ممكن يتم حشوه بالخضار و الشيدر و التركى بيتبل وبيتلف 
نسأل العميل
متربط ولا لأ؟
","الوصفة:
- نسخن الزيت ونحط اللحم بكامله عشان ياخد صدمة من كل الجوانب ويتغير لون العرق
- نغلي المرق ونحط عرق اللحم داخل المرق وهو سخن ويتغطى حتى تمام النضج
- يتصفى من المرق ويتحط في الثلاجة
- وقت التقديم يطلع من الثلاجة ويتقطع شرائح للتقديم"
 عكاوى-I,705.00,691,"""by piece
1.100:1.400 KG""",طبق بلاستيك أبيض,"هو الذيل - يباع بالواحدة علي حسب وزنها  1:1.5ك تقريبا
يرسل  متنظف جيدا/بتخرج مجمدة للحفاظ ع خصائصها ","-  طاجن بالبصل أو طاجن بالبطاطس
 - شوربة لأن دسمها عالي"
كوارع ,501.00,495,1 per pack ,طبق بلاستيك أبيض,"يوجد كارع أمامي و كارع خلفي حسب طلب العميل
يرسل متنظف و متقطع (نسال تقطيع وسط/كبير/صغير؟)","- شوربة كوارع
- طاجن ورق العنب بالكوارع في الفرن"
نخاع ,124.00,112,0.200,طبق أسود بلاستيك,"عبارة عن الجزء اللي جوا الماسورة
 مفيد لتنظيم الهضم .. والكولاچين في النخاع ييساعد على بناء الجسم وزيادة المناعة"," أحلى الوصفات
1. للأكل: شوربة
2. للأكل: يتسلق ويتهرس مع الخضار للأطفال أو يستوي مع شوربة الخضار
3. للشعر: نعمل له حمام مياه فيتحول قوامه ليكون كريمي .. يوضع على الشعر لمدة ليلة
"
كولاچين طبيعي ,272.00,232,0.500,طبق أسود بلاستيك,"لأول مرة ف مصر 
مستخرج من نخاع لحم بقري بلدي
طبيعي 100٪ بدون أي إضافات /يحفظ مجمد
 ","يضاف للشوربة/المحاشي 
يعد بديل ممتاز لمكعبات المرق
يمكن تناول70-100جم يوميا  / من فوائده
عوامل مقاومة الشيخوخة - بشرة منتعشة - تعزز الهضم - تعزز مرونة المفاصل - تقوي المناعة"
" بفتيك متبل
",545.00,539,0.950,طبق أسود بلاستيك + وضع كيس بين كل شريحة والتانية,"من المنتجات التي نتميز بها -قليل دسم يكتسب دسامة مع التحمير 
ملحوظة لفريق المبيعات: غير محبب خروجه يوم الذبح بيحتاج يتشمع وياخد وقت /الطبق من 7:9 قطع ",- محمر (سكالوب بانيه)
 شاورما لحم متبلة,242.00,234,0.400,طبق,"لحم تقطيع رفيع  في تتبيلة  مميزة 
",تسوية علي النار 
 كفتة داوود باشا,226.00,215,0.400,طبق أسود بلاستيك,"عبارة عن كرات لحم مفروم بتتبيلة الشيف الخاصة بكفتة داوود باشا
على التسوية /20:22كرات  تقريبا /لحم محلي بلدي ","- مع تسبيكة صلصة وتُقدم مع أرز 
كيفية عمل الصلصة: تشوح شرائح البصل في الزيت مع رشة ملح وفلفل اسود ومكعب المرق لغاية ما تذبل -  تضاف الصلصه وعصير الطماطم والبابريكا والبهارات ونسيبها تغلى - نحط الدقيق ونقلب لغاية ما يثقل القوام، ونحط الكفته ف الصلصه تاخذ غلوه واحده ثم نرفعها من ع النار

- كفته داود باشا في صينية مع البطاطس المهروسة والبشاميل"
كفتة أرز,175.00,171,0.400,طبق أسود بلاستيك,"عبارة عن أصابع لحم جملي&كندوز مفروم وأرز وخُضرة بتتبيلة الشيف الخاصة بكفتة الأرز لمذاق افضل 

جاهزة على التسوية","- بالصلصة
الطريقة: تتحمر في زيت غزير - بعد التحمير نشيلها من الزيت نسخن سمن ونحط بصله مفرومه وتقلب لغاية ما يصفر لونها - نحط الطماطم المفرومة ونسيبها على النار لغاية ما تتسبك
- تحمير في زيت غزير"
كفتة الحاتي ,224.00,222,0.400,طبق أسود بلاستيك,"نسبة دسم حوالى 15:20 %
الطبق مكون من 4 اسياخ /لحم محلي بلدي ","- شواء على الجريل 
- تسوية على النار: توضع في صينية - تاخد الصدمة على النار - تتغطى ونوطي النار - وبعدين نشيلها ونحطها في الفرق بدون غطاء
ولو عايزة طعم المشوي ممكن  تحطي فحمة علي حتة فويل وسط الصينية"
سجق لحم,234.00,,0.400,طبق أسود بلاستيك,"
بدون إضافة فول صويا/لحم محلي بلدي ",1جرام كسبره ناعمه
سجق مغربى,249.00,246,0.400,طبق أسود بلاستيك,بيكون سبايسي /لحم محلي بلدي ,50جرام زيت زيتون
سجق ايطالى,249.00,246,0.400,طبق أسود بلاستيك,مدخن ومش سبايسي / لحم محلي بلدي ,ثمره طماطم
برجر لحم ,246.00,244,0.400,طبق أسود بلاستيك,"من المنتجات التي نتميز بها
  بدون إضافة فول صويا / الطبق مكون من 4 قطع/لحم محلي بلدي ",
كبيبة,161.00,159,0.400,الطبق أسود بلاستيك,كبيبة جاهزة على التسوية/  8قطع تقريبا/لحم محلي بلدي ,  تحمير في زيت غزير
حواوشى رغيف ,242.00,234,3 per pack,كل رغيف ملفوف في فويل - وكل 3  رغيف في طبق بلاستيك أبيض كبير,"عبارة عن رغيف عيش محشي لحم حواوشي بتتبيلة الشيف 
على التسوية/لحم محلي بلدي ",- نحط الرغيف في طاصه أو صينيه على نار متوسطه يوضع قليل من السمنه و يوضع الحواوشي للتسوية على الوجهين
كبده امريكانى ,180.00,178,0.500,,كبدة صافي/تقطيع حسب الرغبة / مجمدة ,اسكندراني / ستيك / مكعبات / عصافيري  وغيرهم 
لحم مفروم برازيلى ,193.00,191,0.500,,تغليف حسب الرغبة / مستوي اول ,جميع استخدامات المفروم حشوات  وغيرهم 
 رقبة ضانى-I,580.00,,0.950,,," خطوات عمل رقبة محشية:
1. تتبل رقبة الخروف بالملح والفلفل  
2. يسوي الأرز المصري ويضاف عليه فلفل الأسمر  
3. يتم وضع الأرز المصري المستوي داخل الرقبه وتلف رول وتغلف بالمنيوم فويل                                                                                                        4. تغلق جيداً بالالومنيوم وتوضع في ماء وتسوي 
5. يتم تسوية أرز الزعفران بالطريقه المعروفه
6. بعد تسويه الرقبه تقطع سلايز"
ريش ضانى سولو,658.00,,0.600,,6قطع /فريش او مجمد تبعا للتوفر,"- مشوية على الجريل - طاجن بامية بالريش الضاني
- طاجن لسان عصفور بالريش الضانى 
- صينية بطاطس بالريش الضانى"
 كبدة ضانى-I,750.00,,1.200,طبق أسود بلاستيك,"الكبدة الضاني بتطلع على بعضها يا فندم وبتكون مشكل (يعني مع القلب والكلاوي)
وزنها من كيلو ونصف إلى 2كيلو 
نسأل العميل: إذا كان يريده كامل أو مقطع مكعبات أو مقطع شرائح عريضة أو كل شريحة على نصفين","- كبدة اسكندراني
 تستوي في عرقها مع بصل وثوم على النار
- كبدة بانيه
نقلي الكبدة ونقدمها ارز بالشعيرية و خضار سوتيه"
لية ضانى,218.00,,0.500,,"عبارة عن ذيل الخروف وهي عبارة عن جزء كله دهون لكن تعطي طعم رائع لبعض الأكلات- 
 نسال العميل سليمة ولا متقطعة"," توضع مع تسوية المحشي
 توضع في صينية البطاطس
توضع في طبيخ البامية"
طرب,250.00,238,0.400,طبق بلاستيك أبيض,"عبارة عن كفتة وحولها منديل الخروف،
طرب متبل جاهز على التسوية 5:7قطع /لحم محلي بلدي ", دخليها فرن 200 لمده 30 دقيقه وبعدين افتحى الشواية عشان تاخد لون
كفتة ضانى,231.00,,0.400,طبق أسود بلاستيك,ف اسياخ /لحم محلي بلدي ,"- شواء على الجريل 
- تسوية على النار: توضع في صينية - تاخد الصدمة على النار - تتغطى ونوطي النار - وبعدين نشيلها ونحطها في الفرق بدون غطاء
ولو عايزة طعم المشوي ممكن  تحطي فحمة علي حتة فويل وسط الصينية"
 دجاج ابيض-I,192.00,189,1.200,طبق بلاستيك أبيض,"نسأل العميل: في وزن معين مفضل عند حضرتك للفراخ؟
ويتم مراجعة الستور لمعرفة إذا كان الوزن المحدد متاح ", تتسلق وتتحمر
 بانيه فريش,276.00,262,1.000,طبق بلاستيك أبيض,"بيتعمل من الدجاج الأبيض مش البلدي
نسأل العميل: عايزهها صدر على بعضه ولا شرائح سميكة أو وسط (للبانيه) أو رفيعة

","وصفة 1:
1. بنتبل الفراخ بملح وفلفل وجورة الطيب وفي طاسة ساخنة بننزل بالسمنة او الزيت او اي مادة دهنية وننزل بالفراخ تأخذ لون ذهبي
2. بعد كده بنشيل الفراخ وفي نفس الطاسة بنحط حتة زبدة كمان وبننزل بالبصل والسكر وورق اللورا وملح وفلفل لحد ما البصل ياخذ لون كراميل
3. بنحط البقدونس او شبت ونززل بالمرقة او بالمياه على حسب الرغبة ونسبها تغلي
4. في اللبن البارد نذوب النشا وننزل بيه على الكلام الجميل ده ونسبها تغلي وبعدين ننزل بالفراخ تاني ونسبها على نار هادية تستوي وهي متغطية

وصفة 2:
1. نقطع الصدر قطع صغيرة (أو مكعبات) ونحطه على النار مع نقطة زيت فلفل وملح ياخد الصدمة
2. نقلب معاه الخضار مكعبات ونحط البهارات اللي نحبها ونقلب لغاية ما يستووا"
 شيش طاووق أوراك فريش-I,209.00,199,0.950,علبة بلاستيك + غطاء,"بيتعمل من الدجاج الأبيض مش البلدي
مكعبات وسط كبير صغير ؟/لو عميل محتاج اوراك مخلية عضم وجلد يبقي نوضح بدون تقطيع  /بدون خضار  بدون اسياخ ","- شواء
- على البوتجاز ياخد الصدمة في جميع الجوانب وبعدين نحطه في الفرن - ولو عايزة طعم المشوي ممكن  تحطي فحمة علي حتة فويل وسط الصينية
 مع خضروات وتستوى على النار"
فراخ برازيلى مجمدة (سيارا),263.00,,1.100,مغلف جاهز ,الوزن 1.1 ك/ بدون تتبيل ,مشوية او ع الجريل 
أوراك دجاج متبلة,187.00,,0.900,علبة بلاستيك + غطاء,بيتعمل من الدجاج الأبيض/  تتبيلة مميزة من ميت هاوس 3قطع  تقريبا,"- شواء
- في الفرن مع بطاطس وجزر وبصل حلقات"
افخاد دجاج متبلة,187.00,178,0.900,طبق,تتبيلة مميزة من ميت هاوس/فخد ( ورك بدون دبوس ) ,
دبابيس دجاج  متبلة ,187.00,178,0.900,طبق بلاستيك أبيض, تتبيلة مميزة من ميت هاوس 5:7قطع تقريبا ,
أجنحة دجاج متبل ,143.00,136,0.900,طبق, تتبيلة مميزة من ميت هاوس ,
دبابيس كنتاكي ,187.00,180,0.900,طبق,دبوس دجاج متبل بقرمشة كنتاكى على التسوية (نصف سوا),
شيش طاووق أوراك متبل ,286.00,272,0.900,طبق بلاستيك أبيض,"بيتعمل من الدجاج الأبيض مش البلدي
بدون سيخ وخضار ","- شواء
- على البوتجاز ياخد الصدمة في جميع الجوانب وبعدين نحطه في الفرن - ولو عايزة طعم المشوي ممكن  تحطي فحمة علي حتة فويل وسط الصينية"""
بانيه متبل شوي ,305.00,286,0.900,طبق بلاستيك أبيض + وضع كيس بين كل شريحة والتانية,"بيتعمل من الدجاج الأبيض مش البلدي
التتبيلة مش حارة /8:10قطع تقريبا ",
بانيه متبل تحمير ,300.00,285,0.900,طبق بلاستيك أبيض + وضع كيس بين كل شريحة والتانية,"بيتعمل من الدجاج الأبيض مش البلدي
متبل بيض وبقسماط /التتبيلة مش حارة  / 5:8قطع تقريبا ",جاهز على التحمير
ستربس ,265.00,252,0.900,طبق,"قطع دجاج بتتبيلة الشيف السرية جاهزة على التحمير
التتبيلة غير حارة",  تحمير في زيت غزير
تشيكن كرسبى,265.00,252,0.900,طبق,بيكون مقرمش وغير حار ,
كوردن بلو ,190.00,181,0.500,طبق أسود بلاستيك,"كوردن بلو حشو تركى مدخن + جبنة شيدر+ مدزريلا
الطبق من 3:4قطع ",وقت التسوية يكون مبرد وليس مجمد  و يتم تحمير في زيت غزير ساخن 
 شاورما فراخ متبلة,150.00,147,0.450,علبة بلاستيك + غطاء,صدور مقطعة رفيع ومحطوطة في تتبيلة الشيف المخصوص لشاورما الفراخ,- تسوية على النار
وينجز  كنتاكي  ,170.00,153,0.900,طبق,اجنحة دجاج متبل بقرمشة كنتاكى على التحمير,
كفتة فراخ,115.00,109,0.400,طبق أسود بلاستيك,الطبق 4 اسياخ,"- شواء على الجريل 
- تسوية على النار: تتحطي في صينية - تاخد الصدمة على النار - تتغطى ونوطي النار - وبعدين نشيلها ونحطها في الفرن بدون غطاء
ولو عايزة طعم المشوي ممكن  تحطي فحمة علي حتة فويل وسط الصينية"
كفتة فراخ مودزريلا,115.00,109,0.400,طبق أسود بلاستيك,الطبق 400جم ,جاهزة ع التحمير
برجر فراخ,132.00,130,0.400,طبق أسود بلاستيك,"الطبق 4 قطع 
بدون إضافة فول صويا / غير متبل بالبيض والبقسماط"," الشواء على الجريل
 تسوية على النار: وضع ملعقة صغيرة زيت في طاصة لغاية ما الزيت يسخن - نقلب البرجر على الوجهين لغاية ما يستوى تحمير في زيت كثير (غير عميق) بحيث يبقى الزيت مغطي نصف البرجر الأسفل فقط"
حمام كداب,248.00,235,0.900,طبق,أواك دجاج مخلية ومتبلة و محشية أرز بالخلطة مع كبد وقوانص/3قطع تقريبا ,- يوضع ف فويل ويتسلق  فى المية  ثم ازالة الفويل و يدخل الفرن يتحمر
حواوشي فراخ ,127.00,125,3 per pack,3رغيف ,,
فيليه دجاج الزعتر,176.00,174,0.500,طبق,شرائح دجاج بالزعتر ومجموعة مميزة اخري من التوابل ,الفرن / الجريل/ air fry
فيليه دجاج الباربيكو  ,176.00,174,0.500,طبق,شرائح الدجاج المتبل بالباربكيو ومجموعة مميزة اخري من التوابل , الفرن / الجريل/ air fry
فيليه دجاج بالمستردة و العسل,192.00,182,0.500,طبق ,شرائح دجاج تتبيلة مميزة جدا ,الفرن / الجريل/ air fry
فيليه دجاج تندوري,192.00,182,0.500,طبق,شرائح دجاج تتبيلة مميزة جدا ,الفرن / الجريل/ air fry
فيليه دجاج ماسالا,176.00,174,0.500,طبق,شرائح دجاج تتبيلة مميزة جدا ,الفرن / الجريل/ air fry
تشيكن رول,330.00,,0.950,طبق , فراخ مخلية \ ومحشية خضار (جزر \ بسلة )طبق950جم 4قطع ,تتسلق حوالي7 دقائق بالفويل/يوضع في الفرن درجة حرارة 160/180 لمدة من 25 إلي 30 دقيقة وبعد ذالك يتم تبريدها ثم تقطيعها حلقات
ناجتس,292.00,277,0.900,طبق,"قطع دجاج بتتبيلة الشيف السرية جاهزة على التحمير
التتبيلة غير حارة 
",  تحمير في زيت غزير
سجق دجاج,138.00,124,0.400,طبق أسود بلاستيك,"منتج متميز لدينا 
بدون إضافة فول صويا/ طبق 400جم ","- نضع على النار فلفل ألوان وبصل متقطعين شرائح رفيعة - يتشوحوا في زيت قليل - وبعدين نضع بالسجق 
لإضافة نكهة ألذ: نضع دبس رمان"
محشي كرنب,94.00,83,0.400,طبق بلاستيك أبيض,,
"محشي ورق عنب
",105.00,95,0.400,طبق بلاستيك أبيض,محشي أرز  جاهز على التسوية ,"
يتم الرص في حلة/اضافة مرقة لحم حتي اخر صف/وضع على النار يغلي ثم ع نار منخفضة حتي ينضج

قبل البدء ف الطهي
يمكنك تقطيع طماطم طرانشات وفلفل أخضر وألوان حلقات وضعهم  في أرضية الحلة ثم رص المحشي/كما يمكن تقطيع ليّة قطع صغيرة على اول صف"
محشى ورق عنب  بالمفروم ,110.00,108,0.400,طبق,محشى ورق عنب جاهز على التسوية باللحم المفروم والارز,"
يتم الرص في حلة/اضافة مرقة لحم حتي اخر صف/وضع على النار يغلي ثم ع نار منخفضة حتي ينضج

قبل البدء ف الطهي
يمكنك تقطيع طماطم طرانشات وفلفل أخضر وألوان حلقات وضعهم  في أرضية الحلة ثم رص المحشي/كما يمكن تقطيع ليّة قطع صغيرة على اول صف"
ممبار كندوز  بوبس ,110.00,108,0.400,علبة بلاستيك + غطاء,"ممبار كندوز متنضف كويس ومعمول على شكل كرات صغيرة ومحشي أرز بتتبيلة الشيف
على التسوية /  10:15كرات  تقريبا ",- تحمير في زيت غزير
ممبار كندوز محشى,110.00,99,0.400,طبق بلاستيك أبيض,"ممبار كندوز متنضف كويس ومحشي أرز بتتبيلة  مميزة / (يتم التاكد ف حالة سؤال العميل من الفرع)
على التسوية / 8:10 قطع  تقريبا ",-  تحمير في زيت غزير
سمبوسة   لحم ,143.00,,0.400,طبق أسود بلاستيك,جاهزة على التحمير - حشو لحمة عصاج / الطبق مكون من 12:15 قطعة تقريبا ,"-  تحمير في زيت غزير
- من أحلى الأصناف في أي عزومة والكبير والصغير بيحبها"
سمبوسة جبنة ,115.00,114,0.400,طبق أسود بلاستيك,جاهزة على التحمير - حشو (شيدر-رومي-موتزاريلا) / الطبق مكون من 12:15 قطعة تقريبا," -  تحمير في زيت غزير
- من أحلى الأصناف في أي عزومة والكبير والصغير بيحبها"
سمبوسة فراخ,132.00,129,0.400,طبق,الطبق مكون من 12:15 قطعة تقريبا,
سبرنج رول لحم,150.00,147,0.400,طبق,15:18قطعة  تقريبا ,
سبرنج رول جبنة,127.00,125,0.400,طبق,15:18قطعة  تقريبا /مشكل(شيدر-رومي-موتزاريلا),
سبرنج رول فراخ,138.00,137,0.400,طبق,15:18قطعة  تقريبا ,
 بطاطس كروكيت لحم,99.00,96,0.400,طبق أسود بلاستيك,عبارة عن بطاطس مهروسة ومحشية لحم يتم تشكيلها  /20:22قطع تقريبا ,"اخراجها من التجميد 
وتترك حتي تصبح ف درجة حرارة الغرفة ثم التحمير
ف زيت مغلي للتسوية  -5 دقائق تقريبا"
 بطاطس كروكيت جبنة,88.00,85,0.400,طبق أسود بلاستيك,عبارة عن بطاطس مهروسة  ومحشية جبنة يتم تشكيلها  / 20:22قطع تقريبا ,"اخراجها من التجميد 
وتترك حتي تصبح ف درجة حرارة الغرفة ثم التحمير
ف زيت مغلي للتسوية  -5 دقائق تقريبا"
باكدج مقبلات ,578.00,549,1 bundle,4طبق,4طبق /الطبق400جم/مكونة من كفتة داوود/سمبوسة لحم/ممبار محشي/كبيبة,جاهزة علي التسوية 