id,productName,productCategory,packagingType,weightGrams,pricingMode,productCondition,fatRatioComments,onlineEnabled,isActive
prod_1785656884530_b2b000,لحم كندوز خضار-B,غير محدد,,1.000,weight,فريش,30% دسم,FALSE,TRUE
prod_1785656884530_b2b001,لحم سن -B,غير محدد,,1.000,weight,فريش,"من الضلوع العلويه 
20:30% دسم",FALSE,TRUE
prod_1785656884530_b2b002,كباب حلة أحمر خفيف دسم-B,غير محدد,,1.000,weight,فريش,من الرقبة  / 5 - 10% دسم,FALSE,TRUE
prod_1785656884530_b2b003,كباب حلة احمر بدون دسم-B,غير محدد,,1.000,weight,فريش,بدون,FALSE,TRUE
prod_1785656884530_b2b004,لحم مفروم دسم وسط-B,غير محدد,,1.000,weight,فريش,15-20%,FALSE,TRUE
prod_1785656884530_b2b005,لحم مفروم دسم قليل-B,غير محدد,,1.000,weight,فريش,5 - 10%,FALSE,TRUE
prod_1785656884530_b2b006,لحم مفروم أحمر بدون دسم-B,غير محدد,,1.000,weight,فريش,بدون,FALSE,TRUE
prod_1785656884530_b2b007,موزة قطعيه كامله,غير محدد,,1.000,weight,فريش,قليل الدسم,FALSE,TRUE
prod_1785656884530_b2b008,موزة بالكيلو,غير محدد,,1.000,weight,فريش,,FALSE,TRUE
prod_1785656884530_b2b009,أوسوبوكو-B,غير محدد,,1.000,weight,فريش,عالية الدسم,FALSE,TRUE
prod_1785656884530_b2b010,بفتيك-B,غير محدد,,1.000,weight,فريش,اسكالوب  / قليل دسم,FALSE,TRUE
prod_1785656884530_b2b011,وش فخدة ع بعضها,غير محدد,,1.000,weight,فريش,بدون/ع بعضها,FALSE,TRUE
prod_1785656884530_b2b012,بيكاتا-B,غير محدد,,1.000,weight,فريش,قليل الدسم,FALSE,TRUE
prod_1785656884530_b2b013,بريسكت دوش,غير محدد,,1.000,weight,فريش,دسم وسط,FALSE,TRUE
prod_1785656884530_b2b014,دوش بالعضم غير مقطع Brisket,غير محدد,,1.000,weight,فريش,,FALSE,TRUE
prod_1785656884530_b2b015,"شورت ريبس قطعه كامله "" صره""",غير محدد,,1.000,weight,فريش,عالي الدسم,FALSE,TRUE
prod_1785656884530_b2b016,شورت ريبس مقطع,غير محدد,,1.000,weight,فريش,,FALSE,TRUE
prod_1785656884530_b2b017,انتركوت سيراليون استيك كامل بدون تقطيع,غير محدد,,1.000,weight,فريش,,FALSE,TRUE
prod_1785656884530_b2b018,انتركوت سيراليون استيك B2B specs,غير محدد,,1.000,weight,فريش,,FALSE,TRUE
prod_1785656884530_b2b019,ريب اى كامل بدون تقطيع,غير محدد,,1.000,weight,فريش,بيت كلاوي/عالي دسم,FALSE,TRUE
prod_1785656884530_b2b020,ريب اى-B,غير محدد,,1.000,weight,فريش,بيت كلاوي/عالي دسم,FALSE,TRUE
prod_1785656884530_b2b021,تى بون B2B specs,غير محدد,,1.000,weight,فريش,,FALSE,TRUE
prod_1785656884530_b2b022,ستريبلوين استيك-B,غير محدد,,1.000,weight,فريش,,FALSE,TRUE
prod_1785656884530_b2b023,فوريبس-B,غير محدد,,1.000,weight,فريش,,FALSE,TRUE
prod_1785656884530_b2b024,توماهوك-B,غير محدد,,1.000,weight,فريش,,FALSE,TRUE
prod_1785656884530_b2b025,فلانك ستيك قطعيه فلانك ستيك,غير محدد,,1.000,weight,فريش,,FALSE,TRUE
prod_1785656884530_b2b026,سكيرت ستيك-B,غير محدد,,1.000,weight,فريش,Skirt Steak يهودية,FALSE,TRUE
prod_1785656884530_b2b027,سبايدر ستيك-B,غير محدد,,1.000,weight,فريش,,FALSE,TRUE
prod_1785656884530_b2b028,تندر لوين ستيك -B,غير محدد,,1.000,weight,فريش,شاتوه بريان,FALSE,TRUE
prod_1785656884530_b2b029,عرق فلتو بالبنجتة والتنضيف,غير محدد,,1.000,weight,فريش,,FALSE,TRUE
prod_1785656884530_b2b030,عرق فلتو صولو عبل كامل,غير محدد,,1.000,weight,فريش,,FALSE,TRUE
prod_1785656884530_b2b031,بوش,غير محدد,,1.000,weight,فريش,,FALSE,TRUE
prod_1785656884530_b2b032,كبدة صافى عالي الدسم,غير محدد,,1.000,weight,فريش,,FALSE,TRUE
prod_1785656884530_b2b033,"عجل بقرى"" صافى"" وزن(250ك:260ك)",غير محدد,,1.000,weight,فريش,,FALSE,TRUE
prod_1785656884530_b2b034,فخاد ارط وزن (76:85ك),غير محدد,,1.000,weight,فريش,,FALSE,TRUE
prod_1785656884530_b2b035,فخدة مزررة غير مقطع,غير محدد,,1.000,weight,فريش,,FALSE,TRUE
prod_1785656884530_b2b036,زند كامل غير مقطع,غير محدد,,1.000,weight,فريش,,FALSE,TRUE
prod_1785656884530_b2b037,أميرية,غير محدد,,1.000,weight,فريش,,FALSE,TRUE
prod_1785656884530_b2b038,صره بالعظم كامل غير مقطع- short ribs,غير محدد,,1.000,weight,فريش,,FALSE,TRUE
prod_1785656884530_b2b039,ماسورة متقطعة,غير محدد,,,unit,فريش,weight note: عدد,FALSE,TRUE
prod_1785656884530_b2b040,عكاوى أوكس تييل ox tail/عالي دسم,غير محدد,,1.000,weight,فريش,,FALSE,TRUE
prod_1785656884530_b2b041,كوارع عالي الدسم,غير محدد,,,unit,فريش,weight note: بالقطعه,FALSE,TRUE
prod_1785656884530_b2b042,ممبار بدون حشو عالي الدسم,غير محدد,,1.000,weight,فريش,,FALSE,TRUE
prod_1785656884530_b2b043,كفتة داوود باشا-B,غير محدد,,1.000,weight,فريش,,FALSE,TRUE
prod_1785656884530_b2b044,كفتة أرز-B,غير محدد,,1.000,weight,فريش,,FALSE,TRUE
prod_1785656884530_b2b045,كفتة الحاتي -B,غير محدد,,1.000,weight,فريش,,FALSE,TRUE
prod_1785656884530_b2b046,كفتة ضانى-B,غير محدد,,1.000,weight,فريش,,FALSE,TRUE
prod_1785656884530_b2b047,طرب-B,غير محدد,,1.000,weight,فريش,,FALSE,TRUE
prod_1785656884530_b2b048,سجق لحم-B,غير محدد,,1.000,weight,فريش,,FALSE,TRUE
prod_1785656884530_b2b049,سجق مغربى-B,غير محدد,,1.000,weight,فريش,,FALSE,TRUE
prod_1785656884530_b2b050,سجق ايطالى-B,غير محدد,,1.000,weight,فريش,,FALSE,TRUE
prod_1785656884530_b2b051,برجر لحم -B,غير محدد,,1.000,weight,فريش,,FALSE,TRUE
prod_1785656884530_b2b052,كبيبة-B,غير محدد,,1.000,weight,فريش,,FALSE,TRUE
prod_1785656884530_b2b053,بانيه فريش وزن الصدر 250جم,غير محدد,,1.000,weight,فريش,,FALSE,TRUE
prod_1785656884530_b2b054,كبد دجاج صافى-B,غير محدد,,1.000,weight,فريش,,FALSE,TRUE
prod_1785656884530_b2b055,شاورما فراخ متبلة-B,غير محدد,,1.000,weight,فريش,,FALSE,TRUE
prod_1785656884530_b2b056,كوردن بلو -B,غير محدد,,1.000,weight,فريش,,FALSE,TRUE
prod_1785656884530_b2b057,كفتة فراخ-B,غير محدد,,1.000,weight,فريش,,FALSE,TRUE
prod_1785656884530_b2b058,برجر فراخ-B,غير محدد,,1.000,weight,فريش,,FALSE,TRUE
prod_1785656884530_b2b059,سجق دجاج-B,غير محدد,,1.000,weight,فريش,,FALSE,TRUE
prod_1785656884530_b2b060,محشي كرنب-B,غير محدد,,1.000,weight,فريش,,FALSE,TRUE
prod_1785656884530_b2b061,محشي ورق عنب-B,غير محدد,,1.000,weight,فريش,,FALSE,TRUE
prod_1785656884530_b2b062,محشى ورق عنب بالمفروم -B,غير محدد,,1.000,weight,فريش,,FALSE,TRUE
prod_1785656884530_b2b063,ممبار كندوز محشى-B,غير محدد,,1.000,weight,فريش,,FALSE,TRUE
prod_1785656884530_b2b064,ممبار كندوز بوبس-B,غير محدد,,1.000,weight,فريش,,FALSE,TRUE
prod_1785656884530_b2b065,سمبوسة لحم -B,غير محدد,,1.000,weight,فريش,,FALSE,TRUE
prod_1785656884530_b2b066,سمبوسة جبنة-B,غير محدد,,1.000,weight,فريش,,FALSE,TRUE
prod_1785656884530_b2b067,سمبوسة فراخ-B,غير محدد,,1.000,weight,فريش,,FALSE,TRUE
prod_1785656884530_b2b068,سبرنج رول لحم-B,غير محدد,,1.000,weight,فريش,,FALSE,TRUE
prod_1785656884530_b2b069,سبرنج رول جبنة-B,غير محدد,,1.000,weight,فريش,,FALSE,TRUE
prod_1785656884530_b2b070,سبرنج رول فراخ-B,غير محدد,,1.000,weight,فريش,,FALSE,TRUE
prod_1785656884530_b2b071,بطاطس كروكيت لحم-B,غير محدد,,1.000,weight,فريش,,FALSE,TRUE
prod_1785656884530_b2b072,بطاطس كروكيت جبنة-B,غير محدد,,1.000,weight,فريش,,FALSE,TRUE
prod_1785656884530_b2b073,رقبة جملي,غير محدد,,1.000,weight,فريش,,FALSE,TRUE
prod_1785656884530_b2b074,كتف جنوب أفريقي,غير محدد,,1.000,weight,فريش,,FALSE,TRUE
prod_1785656884530_b2b075,موزة ضاني أسترالي,غير محدد,,1.000,weight,فريش,,FALSE,TRUE
prod_1785656884530_b2b076,رقبة هندي,غير محدد,,1.000,weight,فريش,,FALSE,TRUE
prod_1785656884530_b2b077,فلتو هندي,غير محدد,,1.000,weight,فريش,,FALSE,TRUE
prod_1785656884530_b2b078,روستو هندي,غير محدد,,1.000,weight,فريش,,FALSE,TRUE
prod_1785656884530_b2b079,رقبه برازيلى,غير محدد,,1.000,weight,فريش,,FALSE,TRUE
prod_1785656884530_b2b080,لحم برازيلي,غير محدد,,1.000,weight,فريش,,FALSE,TRUE
prod_1785656884530_b2b081,عرق فلتو برازيلى مقاس العرق 4/5,غير محدد,,1.000,weight,فريش,,FALSE,TRUE
prod_1785656884530_b2b082,عرق فلتو برازيلي 5UP,غير محدد,,1.000,weight,فريش,,FALSE,TRUE
prod_1785656884530_b2b083,"عرق رستو برازيلى ""تربيانكو""",غير محدد,,1.000,weight,فريش,,FALSE,TRUE
prod_1785656884530_b2b084,سن برازيلي,غير محدد,,1.000,weight,فريش,,FALSE,TRUE
prod_1785656884530_b2b085,بريسكت برازيلي,غير محدد,,1.000,weight,فريش,,FALSE,TRUE
prod_1785656884530_b2b086,بوش برازيلي,غير محدد,,1.000,weight,فريش,,FALSE,TRUE
prod_1785656884530_b2b087,كتف برازيلي,غير محدد,,1.000,weight,فريش,,FALSE,TRUE
prod_1785656884530_b2b088,وش فخدة برازيلي,غير محدد,,1.000,weight,فريش,,FALSE,TRUE
prod_1785656884530_b2b089,موزه امامى برازيلى,غير محدد,,1.000,weight,فريش,,FALSE,TRUE
prod_1785656884530_b2b090,موزه خلفى برازيلى,غير محدد,,1.000,weight,فريش,,FALSE,TRUE
prod_1785656884530_b2b091,كبدة برازيلي-B,غير محدد,,1.000,weight,فريش,,FALSE,TRUE
prod_1785656884530_b2b092,كبده امريكانى-B,غير محدد,,1.000,weight,فريش,,FALSE,TRUE
prod_1785656884530_b2b093,فراخ برازيلى مجمدة (سيارا) بالكرتونه,غير محدد,,1.100,weight,فريش,,FALSE,TRUE
